post_id,post_title,post_text,post_comment_count,post_url,post_date,poster_username,subreddit_name
i1wkgfw,,"You would probably be going into one of the London airports and getting a bus or train. Stansted is probably closest but not sure is any of the Canada flights go there. Heathrow is the biggest one and is to the East of London  and Gatwick is also a possibility but is South of London. Manchester might also be a possibility but connections from London are probably better.

It is worth also calling up the airline to see what days they do direct flights - I went to Calgary last month and Air Canada only have 2 direct flights each way a week. With all the options that pop up I found it easier to call up to confirm which days were direct before I decided my days.

I‚Äôd check Westjet and Air Transat but there weren‚Äôt any showing when I went - maybe they change the routes seasonally? Air Canada should be an option and maybe British Airways (BA) although they may be a bit more.",0,/r/canadatravel/comments/tlvmug/traveling_to_cambridge_uk/i1wkgfw/,2022-03-24 03:38:06,WobblyBob75,canadatravel
ie0dsd2,,"Just got denied boarding by Air Transat from YYZ to LIS because we didn't have a test, and it was past 270 since our last shot (no booster). This is despite the Portuguese government allowing testing upon arrival.",0,/r/canadatravel/comments/vbjauo/covid_test_canada_to_portugal/ie0dsd2/,2022-06-27 23:06:30,9999AWC,canadatravel
jtk9zy0,,"Skiplagged often has the best deals. But always look when someone new is adding service, because they often will put in new deals. But be CAREFUL, they have special fares including fares that aren't a single ticket, so you have to pick up your luggage and connect on your own and you can be screwed if you miss a connection. And they have fares with hidden cities, where you can't check luggage! Be VERY careful. 

Also the first flight of the year and the last flight of the year for charters are often well discounted. So check dates for these flights on companies like Air Transat, Neos, Azores, Corsair, Level, Sata and Play. Small airlines often are looking to hook people through.

You can also look based on length of desired trip on Google Flights and put in a 1 week or 2 week trip. So, it showed me that a flight from Ljubljana to YYZ (Toronto) for 16th to the 30th of November is ‚Ç¨610 via Frankfurt on Lufthansa/Condor.",0,/r/canadatravel/comments/15aau2s/whats_the_cheapest_way_to_get_to_canada_from/jtk9zy0/,2023-07-26 15:18:24,MightyManorMan,canadatravel
karr9el,,">How picky is Air Transat with carry-on sizes?

You roll the dice everytime you're above the limit. People bring oversized carry-ons onto a place ALL the time, but it only takes on time for you to be asked to pay or your luggage tagged.

As such, I only buy international sized carry-ons (19""), but to be truthful, even those suitcases are *just* slightly too large for most Canadian/International airlines. Suitcase manufacturers all fudge the sizes slightly.",0,/r/canadatravel/comments/1825har/air_transat_carryon_size/karr9el/,2023-11-25 19:24:40,Neat_Onion,canadatravel
kepnpqh,,"I'm sorry you experienced this. Thank you for taking the time to share your experience. I was booking flights to Vancouver in September for a cruise to Alaska for my moms 80th.
Saw the price of lynx air..waffled a bit, then considered the risk of a small airline, and said nope. Paid extra for air Canada and airtransat.",0,/r/canadatravel/comments/18pbtp4/lynx_airlines/kepnpqh/,2023-12-24 01:31:57,wookie_cookies,canadatravel
kfn6umo,,"Air Canada, Westjet, Air Transat, Porter, Flair, Lynx, Canada Jetlines‚Ä¶.",0,/r/canadatravel/comments/18urkew/advice_on_route_planning_please/kfn6umo/,2023-12-30 21:27:21,Fine_Trainer5554,canadatravel
kg17v8v,,"Thankfully their purchase of Air Transat was refused.
We would have really been .......ü§¨",0,/r/canadatravel/comments/11r413z/why_is_air_canada_so_bad/kg17v8v/,2024-01-02 16:27:38,Apprehensive-Pie4235,canadatravel
kh5gip5,,"This is true, however I used Expedia for these flights and it's all on one ticket. The flight change advisory email comes through from airtransat listing both flights on it.",0,/r/canadatravel/comments/192uk7l/flight_change_means_i_may_not_make_my_connecting/kh5gip5/,2024-01-09 21:38:13,bubkuss,canadatravel
kh5hbmk,,"I'm flying from Sint Maarten in the Caribbean, but will have to clear customs as it's international. Good news is the connecting flight is the same terminal.

My flight change email is from air Transat and both flights are listed on it some I'm sure it's considered the same itinerary and 50 minutes wouldn't meet their minimum connecting time requirements.

I'm basically wondering should I let it play out and let compensation and credit card insurance take over or change to next day in advance and have to figure out how to spend 15 hours myself. I'm thinking let it play out.",0,/r/canadatravel/comments/192uk7l/flight_change_means_i_may_not_make_my_connecting/kh5hbmk/,2024-01-09 21:43:36,bubkuss,canadatravel
kh71o7r,,"The reality of the situation is that you will be hanging out in Toronto. Either planned or from a missed connection. The problem is Expedia not using a carrier besides Porter/Air Transat to get you to Vancouver, howeverI don‚Äôt know when you land, so if they layover is in the evening, your options are limited vs. a morning arrival with multiple options. The cost would be different because the airline is different. If you are traveling with checked luggage, even bigger problems . I have never had a smooth transfer at Pearson .",0,/r/canadatravel/comments/192uk7l/flight_change_means_i_may_not_make_my_connecting/kh71o7r/,2024-01-10 06:57:41,needlenosepilers,canadatravel
kqyc60b,,I took a look on google flights for your itinerary. Toronto-Rome (round-trip) and I can see $771 with Air Transat.,0,/r/canadatravel/comments/1atjztr/is_880_from_toronto_to_rome_a_good_price/kqyc60b/,2024-02-18 00:37:14,no-fkn-way,canadatravel
kqznvoa,,"Yes ‚Äì I played with the dates a bit and found a flight with Air Transat for $771, booked directly on their website.",0,/r/canadatravel/comments/1atjztr/is_880_from_toronto_to_rome_a_good_price/kqznvoa/,2024-02-18 09:09:56,RKDreddit,canadatravel
ktos87v,,"Yes, the big name companies all go through Montreal. Air Transat is the only one with a direct flight.",0,/r/canadatravel/comments/1b8axvk/travelling_to_canada_18_days_how_many_days_should/ktos87v/,2024-03-06 18:41:59,npq76,canadatravel
kvko6wu,,"I booked directly with Air transat.  No layover. I personally felt prices for the September trip were high, however this was the cheapest I can find.",0,/r/canadatravel/comments/1bi9aeb/italy_cost/kvko6wu/,2024-03-19 09:14:57,Cloud-Apart,canadatravel
l065mkx,,"It‚Äôs fine. We‚Äôre using it to fly to Greece from Toronto this summer. 

I‚Äôd say Air Transat and all the airlines you listed are at about the same level of service.",0,/r/canadatravel/comments/1c78emt/is_air_transat_as_bad_as_they_say/l065mkx/,2024-04-18 13:12:30,hipgravy,canadatravel
l066hli,,"I've flown a lot with Air Transat, worse issue has been a broken monitor at my seat.",0,/r/canadatravel/comments/1c78emt/is_air_transat_as_bad_as_they_say/l066hli/,2024-04-18 13:17:20,Jazzy_Bee,canadatravel
l066pqu,,"The only thing that might bite you is if the flight gets cancelled and the available flight isn‚Äôt for a few days. 

Luckily, Air Transat has partners that are both Codeshare and Interline so you can get to your destination.",0,/r/canadatravel/comments/1c78emt/is_air_transat_as_bad_as_they_say/l066pqu/,2024-04-18 13:18:36,ugh168,canadatravel
l0674ed,,"I took air transat to the Dominican last year and WestJet to the same place this year. 

Air transat is BY FAR better than West jet.",0,/r/canadatravel/comments/1c78emt/is_air_transat_as_bad_as_they_say/l0674ed/,2024-04-18 13:20:51,SctBrnNumber1Fan,canadatravel
l06cc2p,,Used Air Transat for a vacation last year and didn‚Äôt have a single issue.,0,/r/canadatravel/comments/1c78emt/is_air_transat_as_bad_as_they_say/l06cc2p/,2024-04-18 13:49:33,Awkward-Nothing-66,canadatravel
l06dmz9,,"Pretty much every airline has bad reviews. People only post airline reviews when things go poorly.

I've flown air transat many times and haven't had issues. Probably on par with Westjet and prefer them to Air Canada.",0,/r/canadatravel/comments/1c78emt/is_air_transat_as_bad_as_they_say/l06dmz9/,2024-04-18 13:56:38,Far-Flamingo-32,canadatravel
l06r9h1,,"It's ok. 

I used to work the ramp and we had one Air Transat flight where the catering company accidentally set off the emergency slide which delayed the plane 2 days because they didn't have a replacement. The flight was full of brits going back from a ski trip. 2 days go by and here comes the replacement so they fix it and the flight is ready to go the next day. The next day comes and one of the service trucks hits the plane and destroys the pitot tube and some other sensors and the flight is cancelled again. This was later in the day and all the passengers were drunk as skunks. This was the only time I've ever seen the riot control squad used to get control of a bunch of plane passengers.",0,/r/canadatravel/comments/1c78emt/is_air_transat_as_bad_as_they_say/l06r9h1/,2024-04-18 15:11:24,Erectusnow,canadatravel
l06xqol,,I‚Äôm about to book to London end of Sept as well on air transat. Price is very reasonable into Gatwick. I‚Äôve used them before for short USA hauls and never been disappointed,0,/r/canadatravel/comments/1c78emt/is_air_transat_as_bad_as_they_say/l06xqol/,2024-04-18 15:46:27,Thin-Repeat-6625,canadatravel
l06xsuj,,"I feel like places are really small. I flew air canada and felt like it was a much better experience. I feel like the experience is a bit cheaper for air transat, but it gets the job done.",0,/r/canadatravel/comments/1c78emt/is_air_transat_as_bad_as_they_say/l06xsuj/,2024-04-18 15:46:46,Eastern_Pop_2736,canadatravel
l0716y5,,"Air Transat is fine. I used to use them a lot when I lived in Toronto and travelled to the UK regularly.

They're mainly a charter airline, so they feel a little ""no frills"" but it's not like you get many frills from BA or Air Canada either!",0,/r/canadatravel/comments/1c78emt/is_air_transat_as_bad_as_they_say/l0716y5/,2024-04-18 16:05:39,Remarkable_Status772,canadatravel
l077ca0,,Air transat is actually a great airline. I‚Äôve flown with them many times without any issues. Air Canada on the other hand!? I‚Äôll pay an extra 500 dollars minimum just to NOT fly with them. You have nothing to worry about  with transat!,0,/r/canadatravel/comments/1c78emt/is_air_transat_as_bad_as_they_say/l077ca0/,2024-04-18 16:39:32,WorriedMeringue1771,canadatravel
l07nyss,,Air transat is my go to airline if it‚Äôs available. You‚Äôll be fine.,0,/r/canadatravel/comments/1c78emt/is_air_transat_as_bad_as_they_say/l07nyss/,2024-04-18 18:15:22,1022aks,canadatravel
l07wmym,,"Air Transat has been around for ages. If it was that bad, it would have disappeared long ago.",0,/r/canadatravel/comments/1c78emt/is_air_transat_as_bad_as_they_say/l07wmym/,2024-04-18 19:11:09,TravellingGal-2307,canadatravel
l0858sr,,"My only experience with Air Transat was good. It was about a decade ago, though, so who knows now.",0,/r/canadatravel/comments/1c78emt/is_air_transat_as_bad_as_they_say/l0858sr/,2024-04-18 20:09:17,Historical-Ad-146,canadatravel
l08a3jt,,Air transat is the best !!,0,/r/canadatravel/comments/1c78emt/is_air_transat_as_bad_as_they_say/l08a3jt/,2024-04-18 20:42:48,Semen-Demon7,canadatravel
l08czfo,,"Personally, I never had any issue with Air Transat.  I like AT a lot more than WJ/AC. During the lockdown period, WJ and AT gave me future flight credits.  By year 2 of the lockdown, AT automatically refunded my credits without me needing to call and beg them.  WS was a no, no.  Rejected me 1X.  WS firmly refuses to refund the money and stuck to their expiration date.",0,/r/canadatravel/comments/1c78emt/is_air_transat_as_bad_as_they_say/l08czfo/,2024-04-18 21:03:08,RockaberryWineCooler,canadatravel
l098wgg,,"Unrelated but funny story about broken monitors, my buddy and I flew to Thailand via Guangzhou with Air China. My bud is East Indian, I‚Äôm White and the rest of the passengers were Chinese. We had the only two monitors that were ‚Äúout of order‚Äù on the whole flight, I could see monitors on throughout the plane. Even the old Chinese gentleman sitting next to us had a working monitor. So all I can add to this thread is FUCK AIR CHINA, but Air Transat is aight",0,/r/canadatravel/comments/1c78emt/is_air_transat_as_bad_as_they_say/l098wgg/,2024-04-19 01:13:56,Samauwr1,canadatravel
l0acdn2,,"We‚Äôre just back from Canada flying Glasgow to Toronto return on Air Transat. The flights were brilliant. Early both ways. Food and drink provided. Good entertainment screens. They were strict with checking carry on luggage size but I have no complaints and would fly with them again. 

(For reference I‚Äôm a seasoned traveller flying an average of 2 return flights a month within Europe).",0,/r/canadatravel/comments/1c78emt/is_air_transat_as_bad_as_they_say/l0acdn2/,2024-04-19 08:11:08,Purp1eP1atypus,canadatravel
l0buwds,,It‚Äôs really not though. AC and others have plenty of options to reroute you when things go wrong. Air Transat doesn‚Äôt.,0,/r/canadatravel/comments/1c78emt/is_air_transat_as_bad_as_they_say/l0buwds/,2024-04-19 13:42:19,Odd-Elderberry-6137,canadatravel
l0hhtdn,,Thanks so much for your insight. I will probably try and find one of those bag check guides at the local airtransat travel store to see if they fit.,0,/r/canadatravel/comments/1c78emt/is_air_transat_as_bad_as_they_say/l0hhtdn/,2024-04-20 14:30:20,Halcyon_777,canadatravel
l0oe5f4,,Air transat has actually been great the 3-4 times I‚Äôve flown with them. I‚Äôve flown short (Ottawa-Mexico) and medium flights (Montreal-Amsterdam and London-montreal) with them in economy and premium economy and always thought they were great value and much better than Air Canada. They just don‚Äôt have that many flight routes but that‚Äôs a common problem in Canada regardless of the airline üôÑ,0,/r/canadatravel/comments/1c78emt/is_air_transat_as_bad_as_they_say/l0oe5f4/,2024-04-21 20:57:22,Dreela,canadatravel
l128adz,,"I‚Äôve been going with air transat back and fourth to Toronto for the past decade, they‚Äôve been fine, as long as you pick the most modern aircraft when you book",0,/r/canadatravel/comments/1c78emt/is_air_transat_as_bad_as_they_say/l128adz/,2024-04-24 11:59:54,Chippybops,canadatravel
l42tqqd,,why not air transat,0,/r/canadatravel/comments/1cs3ju3/flights_within_canada/l42tqqd/,2024-05-14 19:24:31,BIG_SCIENCE,canadatravel
l58cv7p,,"It is not necessary no.

There are no cheap Canadian flights.  It's ridiculous.  I use kayak.com.  Don't fly with budget airlines.  Air Canada, West Jet, Porter or Air Transat only.

I book direct with hotels, don't do bed and breakfasts and book airbbnbs on Airbnb.com.",0,/r/canadatravel/comments/1cyb88b/booking_flightshotel_in_canada/l58cv7p/,2024-05-22 17:26:55,TheRealGuncho,canadatravel
l8mfvw7,,"Air Transat is a cattle hauler,  their customer service would likely have no problem BS'ing you to avoid headaches on their end.   Most of their customers are booking resorts that are moldy or full of rowdy drunks,  so they know a decent percentage of their clientele will complain anyways.",0,/r/canadatravel/comments/1dfy484/air_transat_not_warning_about_hotel_renovations/l8mfvw7/,2024-06-14 15:08:33,SaltwaterOgopogo,canadatravel
l8nberi,,I mean if you want to get upset even before you go on vacation that‚Äôs your choice. Or you could go and see what the situation is and make the best of it and remember for next time to not use Air Transat.,0,/r/canadatravel/comments/1dfy484/air_transat_not_warning_about_hotel_renovations/l8nberi/,2024-06-14 18:16:22,SubstantialCount8156,canadatravel
lb2tny9,,"In Canada book with Air Canada, West Jet or Air Transat.  Anyone else is not to be trusted.",0,/r/canadatravel/comments/1dsj7p6/do_not_book_with_canada_jetlines/lb2tny9/,2024-06-30 23:42:50,TheRealGuncho,canadatravel
lc6z5hq,,I have used Air Transat numerous times and they have Always been ontime or early ..staff have been attentive polite and never So far had a bad experience,0,/r/canadatravel/comments/1c78emt/is_air_transat_as_bad_as_they_say/lc6z5hq/,2024-07-08 10:05:38,driscoll_229,canadatravel
lc7qxmu,,"Avoid Air Canada at all cost, they are one of the worst airlines in the civilized world. Air Transat is a decent company. By leaving  from Qu√©bec city instead of Montreal, you save almost an hour of flight time and is a smaller airport.  You will arrive at Terminal 3 at CDG , it is a short walk to the RER railway. It is an easy transfer to Gare de Lyon in Paris. There is a tgv every hour to Lyon which will bring you to downtown. The airport in Lyon is outside the city .",0,/r/canadatravel/comments/1dyc6r2/air_canada_or_air_transat_in_winter/lc7qxmu/,2024-07-08 12:42:14,vitomp,canadatravel
lc87o0d,,"How much luggage?  Will you taxi to the train station in Paris?  I‚Äôm not sure it‚Äôs like Amsterdam, the train station with direct link to Lyon isn‚Äôt right in the airport there is some manual work (and stairs) to complete. In Amsterdam you can get to Brussels, Paris, other cities etc right from the basement of the same airport. Both Air Transat and Air Canada terminals in CDG is some distance from the RER train stop at CDG.  Add at least 60-80 euro for taxi to Paris centre train station if lots of luggage and then not sure how easy to navigate. I took the RER train to CDG from the station by Notre Dame and it had lots of stairs.",0,/r/canadatravel/comments/1dyc6r2/air_canada_or_air_transat_in_winter/lc87o0d/,2024-07-08 14:12:02,delawopelletier,canadatravel
lc8h3gl,,Air Transat once ran out of fuel flying across the Atlantic because they didn't put enough on board. That pretty much seals the deal for me for the rest of time.,0,/r/canadatravel/comments/1dyc6r2/air_canada_or_air_transat_in_winter/lc8h3gl/,2024-07-08 15:03:05,No_Platform_2810,canadatravel
ldxg2l9,,"Hey OP, how did your flight go? I am in the same situation now, traveling with Air Transat, taking my Monos carry on.",0,/r/canadatravel/comments/1akbjrw/monos_carryon_vs_carryon_plus_air_transat/ldxg2l9/,2024-07-19 09:46:05,AdeptCantaloupe2418,canadatravel
leewnky,,"The form to claim compensation is here: [https://www.airtransat.com/en-CA/forms/claim-for-flight-delay#/file](https://www.airtransat.com/en-CA/forms/claim-for-flight-delay#/file)

  
If Air Transat refuses to pay out, then you can go to the Canadian Transportation Agency: [https://otc-cta.gc.ca/eng/air-travel-complaints-resolution-process](https://otc-cta.gc.ca/eng/air-travel-complaints-resolution-process)

Also, I think Air Transat is considered a small airline so it's compensation is less than Air Canada and WestJet.",0,/r/canadatravel/comments/1e9jz1d/what_are_my_next_steps_for_compensation_from_air/leewnky/,2024-07-22 13:45:45,Hot_Cheesecake_905,canadatravel
lefqjwg,,"Odd, Air Transat and Porter have a joint partnership...

[https://www.airtransat.com/en-CA/book/flights-partnership-with-porter?ici=homepage&icn=banner-inpage\_partenariat-porter&search=flight&flightType=RT&gateway=AIRPORT\_YYZ&pax=1-0-0-0](https://www.airtransat.com/en-CA/book/flights-partnership-with-porter?ici=homepage&icn=banner-inpage_partenariat-porter&search=flight&flightType=RT&gateway=AIRPORT_YYZ&pax=1-0-0-0)

Baggage policy is on this page,",0,/r/canadatravel/comments/1e9o2we/airtransat_doesnt_include_checked_baggage_on_the/lefqjwg/,2024-07-22 16:23:23,Hot_Cheesecake_905,canadatravel
lefrioe,,"It is unclear to me if you are talking about your connection or your return trip 

But if you are talking about your connection - when you check in with Air Transat they will tag your bag to your final destination of YYC. You don't have to check them separately for Porter. 

If you are talking about your return trip, it's possible you may need to pay your bag fee directly to Porter at check in instead of to Air Transat in advance",0,/r/canadatravel/comments/1e9o2we/airtransat_doesnt_include_checked_baggage_on_the/lefrioe/,2024-07-22 16:28:27,LondonPaddington,canadatravel
leg05rk,,"Ok so I‚Äôve had some more info. When we booked the flights first it was all through air Transat and the connecting flight was in Montreal. We booked seats and baggage and paid the extra then. 
They then changed the connecting flight from Montreal to Calgary to Toronto to Calgary and the connecting airline became Porter. 
At no point did they then say btw you now have to pay for the baggage again separately with Porter for the second leg. 
Apparently this is a ‚Äòcodeshare‚Äô flight. And our initial payment of baggage and seats is now invalid. They want to take that off our booking and make us pay twice for both seats and baggage with both airlines.",0,/r/canadatravel/comments/1e9o2we/airtransat_doesnt_include_checked_baggage_on_the/leg05rk/,2024-07-22 17:14:08,Odd-Photo5386,canadatravel
leg21kh,,"Thank you very much for your reply. 

I have already filed a complaint using Air Transat's form.

If I take the CTA complaint route, does that hurt my chances if I file small claims?",0,/r/canadatravel/comments/1e9jz1d/what_are_my_next_steps_for_compensation_from_air/leg21kh/,2024-07-22 17:24:30,Busy_Hearing2737,canadatravel
lekrnpl,,Ok this is not good. I‚Äôm flying Montreal to gatwick in December and paid for checked luggage when I booked with air transat. What‚Äôs odd is I can‚Äôt even add my flight segment that is Porter onto the app. Montreal-Toronto-gatwick. Usually codeshares handle your luggage from check in time to final destination.,0,/r/canadatravel/comments/1e9o2we/airtransat_doesnt_include_checked_baggage_on_the/lekrnpl/,2024-07-23 13:39:57,sammalamma1,canadatravel
lelag8n,,If you have Porter on any part of the trip it turns out you cannot add checked baggage in advance. We have tried twice and it has Deletes it within 24 hours. That was through an air Transat agent as you cannot even get into manage my booking page if you have a codeshare flight. You can only pay for the baggage at the counter and they can‚Äôt even tell you how much it will cost in advance. Wtf. We also had to book our seats with Porter directly even though we have had no dealings with them. It‚Äôs an absolute shitshow.,0,/r/canadatravel/comments/1e9o2we/airtransat_doesnt_include_checked_baggage_on_the/lelag8n/,2024-07-23 15:18:32,Odd-Photo5386,canadatravel
lelasd2,,"1 ticket reservation email. And an app that shows the whole flight. 
Air transat have said they don‚Äôt know if we will have to pay once for the whole trip or twice, once again in Toronto. We will only know once we get to London Gatwick. What a joke.",0,/r/canadatravel/comments/1e9o2we/airtransat_doesnt_include_checked_baggage_on_the/lelasd2/,2024-07-23 15:20:18,Odd-Photo5386,canadatravel
lelkzcm,,"Ugggg. When I check my reservation on air transat it says my allowance is 1 carry on, 1 personal item, 1 checked luggage and it says if I need to add then I‚Äôll have to pay at the airport. Wouldn‚Äôt that mean if you need to add another not just pay for the one that‚Äôs already listed. I MIGHT have another option. If that means then having to pick up and check in your luggage again the layover is pretty tight.",0,/r/canadatravel/comments/1e9o2we/airtransat_doesnt_include_checked_baggage_on_the/lelkzcm/,2024-07-23 16:13:32,sammalamma1,canadatravel
leojuw5,,"That's frustrating, mate. Travel hiccups can be a nightmare! Sometimes airlines have convoluted policies. Best bet is to escalate the issue with both AirTransat and Porter, ideally in writing for records. Always confirm these details early on next time. Don't let it ruin your trip; you‚Äôve got this! Safe travels!",0,/r/canadatravel/comments/1e9o2we/airtransat_doesnt_include_checked_baggage_on_the/leojuw5/,2024-07-24 05:15:57,susanmb0ju,canadatravel
leqlbhq,,"The agent said it‚Äôs not possible to make any modifications at all because I chose the eco budget seat, but it‚Äôs not like I am trying to cancel my flight with air transat, I just want a different day",0,/r/canadatravel/comments/1eb6x02/change_prebooked_airtransat_flight/leqlbhq/,2024-07-24 13:22:20,goldilockschanel,canadatravel
ler6kk2,,"You need to check the terms and conditions of your ticket. The terms and conditions will tell if they allow you to make flight changes with that ticket class.

According to the website eco budget tickets doesn‚Äôt allow you to make changes: 
Eco Budget

If you‚Äôre unlikely to change your plans and can fit everything into a carry-on, keep it simple and splurge those discretionary funds on travel instead.

 
1 personal item
 
1 carry-on bag
 
Checked bags with fees
 
No changes
 
Non-refundable

https://www.airtransat.com/en-CA/travel-information/fare-options?search=flight&flightType=RT&gateway=AIRPORT_YWG&pax=1-0-0-0#economy",0,/r/canadatravel/comments/1eb6x02/change_prebooked_airtransat_flight/ler6kk2/,2024-07-24 15:13:02,GeaCat,canadatravel
ley4z1m,,Can you confirm if the monos carry on is compatible w Air Transat??,0,/r/canadatravel/comments/1akbjrw/monos_carryon_vs_carryon_plus_air_transat/ley4z1m/,2024-07-25 18:50:41,AADBMN,canadatravel
lfz93p7,,"Just about every major airline that has a ""vacation"" wing (Air Canada Vacations, for example) that will gladly take your money...

By large group, do you mean 20 people, or do you mean 100 people?

Contact AC vacations, Air Transat, Westjet, and Sunwing, and one of them will have a better price to be sure.  

At this point in time, no airline is a sure thing, and although Sunwing is probably in the worst shape, but AC and Westjet are also struggling to keep flights on time or free of cancelation.",0,/r/canadatravel/comments/1ehgmy8/any_other_companies_like_sunwing/lfz93p7/,2024-08-01 10:17:16,brucenicol403,canadatravel
lfzllg9,,"I've sent clients on every one of Canada's Tour Operators, most often on Air Canada Vacations, Air Transat and Sunwing/WestJet (they are now the same company). 

I've had issues at times with all of them but I've also had very smooth experiences with all of them, most of the time. The number one and two reasons people choose one over the other is generally price and availability. 

For example, if you want to go to a RIU, you are going on Sunwing, end of story because they have an exclusivity agreement. Other times, the same room is offered by all three major tour operators but for different prices because flights can vary, so do your homework. 

If you want some help or advice, feel free to DM me. I book tonnes of All-Inclusive resorts for families and groups, every year. Working with an agent also means you have one throat to choke instead of chasing the airline and/or hotel and tour operator. 

Good luck and safe travels!",0,/r/canadatravel/comments/1ehgjum/other_companies_like_sunwing/lfzllg9/,2024-08-01 11:25:32,benny2012,canadatravel
lhlfihq,,"We just returned from a trip to UK with AirTransat and will not book with them again. Sole reason: size of carry on shenanigan. They know full well that a typical carry on is about an inch bigger than their made up restriction so it's a shameful money grab on their end and for this only reason which caused us added complications, we will not book with them again. The small difference in ticket costs between them and AC (AC went on sale two weeks after we got our AT tickets) does not justify the added troubles. 

Everything else was fine.",0,/r/canadatravel/comments/1c78emt/is_air_transat_as_bad_as_they_say/lhlfihq/,2024-08-11 10:44:46,RoniaRobbersDaughter,canadatravel
lhzhyha,,"Just book with Porter, why go through Air Transat to book a flight on a route Porter flies?",0,/r/canadatravel/comments/1erhwa4/will_i_be_charge_for_carryon_baggage_on_an_air/lhzhyha/,2024-08-13 18:57:45,BanMeForBeingNice,canadatravel
lj2w1a8,,"I know you posted this a while ago, but how was your experience? I'm flying Air Transat from Toronto to Athens next weekend.",0,/r/canadatravel/comments/1c78emt/is_air_transat_as_bad_as_they_say/lj2w1a8/,2024-08-20 14:16:26,Relevant-Yak-645,canadatravel
lkcpcnz,,"Hey, sorry for the late reply. I flew to Barcelona and back, and Air Transat didn't question my Monos luggage. That being said, it's tiny bit taller than the requirement, so I was a bit nervous.",0,/r/canadatravel/comments/1akbjrw/monos_carryon_vs_carryon_plus_air_transat/lkcpcnz/,2024-08-28 11:12:03,AdeptCantaloupe2418,canadatravel
